timestamp,user_ip,action
2025-10-28T14:02:22.823058+00:00,172.64.66.1,LaunchAppClicked
2025-10-28T14:03:20.130607+00:00,172.64.66.1,LaunchAppClicked
2025-10-28T14:05:38.719793+00:00,172.64.66.1,LaunchAppClicked
2025-10-28T14:05:50.298564+00:00,172.64.66.1,LaunchAppClicked
2025-10-28T14:07:31.289090+00:00,172.64.66.1,LaunchAppClicked
2025-10-28T14:41:50.763745+00:00,172.64.66.1,LaunchAppClicked
2025-10-28T14:59:47.085316+00:00,172.64.66.1,LaunchAppClicked
2025-10-28T15:12:22.195979+00:00,172.64.66.1,LaunchAppClicked
2025-10-28T15:26:49.148501+00:00,172.64.66.1,LaunchAppClicked
2025-10-28T15:34:33.434727+00:00,172.64.66.1,LaunchAppClicked
2025-10-28T15:44:48.602379+00:00,172.64.66.1,LaunchAppClicked
2025-10-28T16:18:22.652909+00:00,172.64.66.1,LaunchAppClicked
2025-10-28T17:44:56.069143+00:00,172.64.66.1,LaunchAppClicked
